{
  "holdUsdt": 0.00063040,
  "refresh": 5,
  "hold": [
    {
      "name": "eos",
      "position": 101.87497420
    },
    {
      "name": "eth",
      "position": 0.10498960
    }
  ]
}